{
  "train_sigma": 0.1,
  "test_sigmas": [
    0.05,
    0.1,
    0.2,
    0.4
  ],
  "snr_improvement": {
    "fc": [
      -14.961459010839462,
      -8.947126507759094,
      -2.9256436228752136,
      3.09213986992836
    ],
    "cnn": [
      -13.419811248779297,
      -7.258071660995483,
      -1.2803258895874023,
      4.418187379837036
    ],
    "lstm": [
      -15.148091465234756,
      -9.126437425613403,
      -3.0979714691638947,
      2.9250296652317047
    ],
    "unet": [
      2.057260513305664,
      5.522097587585449,
      4.9126105308532715,
      3.0643156468868256
    ],
    "transformer": [
      1.230112075805664,
      5.502630233764648,
      4.387587785720825,
      3.0186638832092285
    ],
    "wavelet": [
      -3.0357046127319336,
      0.5160331726074219,
      3.5748181343078613,
      6.1396307945251465
    ]
  }
}